,Low,09_buy_and_hold_sliding_backtest_returns_rtot,10_sma_strength_sliding_backtest_returns_rtot,11_rsi_sizing_sliding_backtest_returns_rtot
Low,1.0,0.4580587306688735,-0.04746126395218278,-0.3662455666870405
09_buy_and_hold_sliding_backtest_returns_rtot,0.4580587306688735,1.0,0.14961392054973083,-0.7806431254184183
10_sma_strength_sliding_backtest_returns_rtot,-0.04746126395218278,0.14961392054973083,1.0,0.0020666298394965517
11_rsi_sizing_sliding_backtest_returns_rtot,-0.3662455666870405,-0.7806431254184183,0.0020666298394965517,1.0
