,High,09_buy_and_hold_sliding_backtest_returns_rtot,10_sma_strength_sliding_backtest_returns_rtot,11_rsi_sizing_sliding_backtest_returns_rtot
High,1.0,0.4582465157578969,-0.04964615304258091,-0.36735383163487345
09_buy_and_hold_sliding_backtest_returns_rtot,0.4582465157578969,1.0,0.14961392054973083,-0.7806431254184183
10_sma_strength_sliding_backtest_returns_rtot,-0.04964615304258091,0.14961392054973083,1.0,0.0020666298394965517
11_rsi_sizing_sliding_backtest_returns_rtot,-0.36735383163487345,-0.7806431254184183,0.0020666298394965517,1.0
